id,source_topic_id,target_topic_id,relationship_type,weight,supporting_article_count,link_count,created_at
132526,13218,13219,subtopic_of,0.25,0,0,2026-02-02 20:55:35.124707
132527,13218,13220,subtopic_of,0.5,0,0,2026-02-02 20:55:35.250057
132528,13218,13329,subtopic_of,0.5,0,0,2026-02-02 20:55:35.250325
132529,13222,13235,subtopic_of,0.5,0,0,2026-02-02 20:55:35.250585
132530,13222,13255,subtopic_of,0.5,0,0,2026-02-02 20:55:35.250823
132531,13223,13224,subtopic_of,0.6666667,0,0,2026-02-02 20:55:35.251053
132532,13241,13242,subtopic_of,0.5,0,0,2026-02-02 20:55:35.251299
132533,13241,13243,subtopic_of,0.5,0,0,2026-02-02 20:55:35.251519
132534,13241,13283,subtopic_of,0.33333334,0,0,2026-02-02 20:55:35.251786
132535,13241,13311,subtopic_of,0.5,0,0,2026-02-02 20:55:35.252016
132536,13241,13342,subtopic_of,0.5,0,0,2026-02-02 20:55:35.252315
132537,13244,13245,subtopic_of,0.5,0,0,2026-02-02 20:55:35.252531
132538,13248,13298,subtopic_of,0.6666667,0,0,2026-02-02 20:55:35.252741
132539,13249,13250,subtopic_of,0.5,0,0,2026-02-02 20:55:35.252965
132540,13249,13251,subtopic_of,0.5,0,0,2026-02-02 20:55:35.253213
132541,13249,13324,subtopic_of,0.5,0,0,2026-02-02 20:55:35.253492
132542,13249,13325,subtopic_of,0.33333334,0,0,2026-02-02 20:55:35.25374
132543,13256,13257,subtopic_of,0.5,0,0,2026-02-02 20:55:35.253983
132544,13256,13341,subtopic_of,0.5,0,0,2026-02-02 20:55:35.25423
132545,13260,13261,subtopic_of,0.5,0,0,2026-02-02 20:55:35.254441
132546,13264,13270,subtopic_of,0.5,0,0,2026-02-02 20:55:35.254668
132547,13268,13347,subtopic_of,0.5,0,0,2026-02-02 20:55:35.255056
132548,13271,13317,subtopic_of,0.6666667,0,0,2026-02-02 20:55:35.255257
132549,13272,13279,subtopic_of,0.5,0,0,2026-02-02 20:55:35.255459
132550,13272,13317,subtopic_of,0.33333334,0,0,2026-02-02 20:55:35.255662
132551,13275,13290,subtopic_of,0.5,0,0,2026-02-02 20:55:35.255866
132552,13277,13278,subtopic_of,0.5,0,0,2026-02-02 20:55:35.25606
132553,13280,13281,subtopic_of,0.5,0,0,2026-02-02 20:55:35.256261
132554,13280,13306,subtopic_of,0.5,0,0,2026-02-02 20:55:35.256469
132555,13280,13307,subtopic_of,0.5,0,0,2026-02-02 20:55:35.25667
132556,13280,13308,subtopic_of,0.5,0,0,2026-02-02 20:55:35.256867
132557,13286,13347,subtopic_of,0.5,0,0,2026-02-02 20:55:35.257082
132558,13289,13331,subtopic_of,0.33333334,0,0,2026-02-02 20:55:35.25729
132559,13297,13298,subtopic_of,0.33333334,0,0,2026-02-02 20:55:35.257492
132560,13297,13299,subtopic_of,0.5,0,0,2026-02-02 20:55:35.257714
132561,13297,13300,subtopic_of,0.5,0,0,2026-02-02 20:55:35.257948
132562,13303,13304,subtopic_of,0.33333334,0,0,2026-02-02 20:55:35.258147
132563,13322,13323,subtopic_of,0.5,0,0,2026-02-02 20:55:35.258362
132564,13322,13324,subtopic_of,0.5,0,0,2026-02-02 20:55:35.258573
132565,13322,13325,subtopic_of,0.33333334,0,0,2026-02-02 20:55:35.258792
132566,13322,13326,subtopic_of,0.5,0,0,2026-02-02 20:55:35.259015
132567,13324,13325,subtopic_of,0.6666667,0,0,2026-02-02 20:55:35.259258
132568,13333,13334,subtopic_of,0.5,0,0,2026-02-02 20:55:35.259528
132569,13291,13225,prerequisite_of,0.2,1,0,2026-02-02 20:55:35.259792
132570,13222,13232,prerequisite_of,0.4,2,0,2026-02-02 20:55:35.260028
132571,13260,13240,prerequisite_of,0.2,1,0,2026-02-02 20:55:35.260264
132572,13321,13241,prerequisite_of,0.2,1,0,2026-02-02 20:55:35.260503
132573,13255,13256,prerequisite_of,0.6,3,0,2026-02-02 20:55:35.26073
132574,13223,13223,prerequisite_of,0.2,1,0,2026-02-02 20:55:35.26097
132575,13269,13269,prerequisite_of,0.2,1,0,2026-02-02 20:55:35.261405
132576,13270,13270,prerequisite_of,0.4,2,0,2026-02-02 20:55:35.261637
132577,13274,13274,prerequisite_of,0.2,1,0,2026-02-02 20:55:35.261883
132578,13221,13335,related_to,0.5,0,5,2026-02-02 20:55:35.262114
132579,13221,13256,related_to,0.4,0,4,2026-02-02 20:55:35.262351
132580,13223,13335,related_to,0.4,0,4,2026-02-02 20:55:35.262594
132581,13223,13286,related_to,0.4,0,4,2026-02-02 20:55:35.262833
132582,13224,13286,related_to,0.3,0,3,2026-02-02 20:55:35.263072
132583,13224,13335,related_to,0.3,0,3,2026-02-02 20:55:35.263294
132584,13225,13335,related_to,0.3,0,3,2026-02-02 20:55:35.263529
132585,13228,13268,related_to,0.6,0,6,2026-02-02 20:55:35.263768
132586,13228,13335,related_to,1,0,18,2026-02-02 20:55:35.264011
132587,13230,13335,related_to,0.8,0,8,2026-02-02 20:55:35.264255
132588,13230,13268,related_to,0.5,0,5,2026-02-02 20:55:35.264527
132589,13232,13256,related_to,0.3,0,3,2026-02-02 20:55:35.264782
132590,13232,13335,related_to,0.4,0,4,2026-02-02 20:55:35.264998
132591,13232,13228,related_to,0.4,0,4,2026-02-02 20:55:35.265212
132592,13232,13296,related_to,0.3,0,3,2026-02-02 20:55:35.265423
132593,13232,13250,related_to,0.3,0,3,2026-02-02 20:55:35.265659
132594,13234,13335,related_to,0.4,0,4,2026-02-02 20:55:35.265872
132595,13235,13335,related_to,0.3,0,3,2026-02-02 20:55:35.266072
132596,13240,13261,related_to,0.3,0,3,2026-02-02 20:55:35.266288
132597,13241,13260,related_to,0.6,0,6,2026-02-02 20:55:35.266524
132598,13241,13261,related_to,0.5,0,5,2026-02-02 20:55:35.266757
132599,13241,13335,related_to,0.4,0,4,2026-02-02 20:55:35.266998
132600,13243,13244,related_to,0.5,0,5,2026-02-02 20:55:35.26722
132601,13246,13335,related_to,0.5,0,5,2026-02-02 20:55:35.267436
132602,13250,13261,related_to,0.3,0,3,2026-02-02 20:55:35.267648
132603,13251,13260,related_to,0.6,0,6,2026-02-02 20:55:35.268088
132604,13251,13283,related_to,0.6,0,6,2026-02-02 20:55:35.268316
132605,13251,13279,related_to,0.8,0,8,2026-02-02 20:55:35.26854
132606,13251,13335,related_to,1,0,13,2026-02-02 20:55:35.26877
132607,13251,13264,related_to,0.3,0,3,2026-02-02 20:55:35.269
132608,13251,13228,related_to,0.8,0,8,2026-02-02 20:55:35.269227
132609,13251,13240,related_to,0.3,0,3,2026-02-02 20:55:35.269455
132610,13256,13342,related_to,0.3,0,3,2026-02-02 20:55:35.269685
132611,13256,13344,related_to,0.3,0,3,2026-02-02 20:55:35.269917
132612,13258,13335,related_to,0.4,0,4,2026-02-02 20:55:35.270136
132613,13259,13279,related_to,0.3,0,3,2026-02-02 20:55:35.270363
132614,13259,13261,related_to,0.3,0,3,2026-02-02 20:55:35.270603
132615,13261,13342,related_to,0.4,0,4,2026-02-02 20:55:35.270841
132616,13261,13335,related_to,1,0,10,2026-02-02 20:55:35.271071
132617,13261,13279,related_to,0.3,0,3,2026-02-02 20:55:35.271291
132618,13261,13283,related_to,0.3,0,3,2026-02-02 20:55:35.271565
132619,13262,13283,related_to,0.3,0,3,2026-02-02 20:55:35.271771
132620,13264,13335,related_to,1,0,14,2026-02-02 20:55:35.271976
132621,13264,13338,related_to,0.3,0,3,2026-02-02 20:55:35.272223
132622,13265,13335,related_to,0.3,0,3,2026-02-02 20:55:35.272463
132623,13265,13270,related_to,0.3,0,3,2026-02-02 20:55:35.272701
132624,13265,13261,related_to,0.3,0,3,2026-02-02 20:55:35.272947
132625,13266,13335,related_to,0.3,0,3,2026-02-02 20:55:35.273185
132626,13266,13342,related_to,0.3,0,3,2026-02-02 20:55:35.273412
132627,13267,13335,related_to,0.4,0,4,2026-02-02 20:55:35.273632
132628,13268,13335,related_to,1,0,10,2026-02-02 20:55:35.27386
132629,13270,13258,related_to,0.4,0,4,2026-02-02 20:55:35.274101
132630,13270,13260,related_to,0.4,0,4,2026-02-02 20:55:35.274333
132631,13270,13283,related_to,0.3,0,3,2026-02-02 20:55:35.27456
132632,13270,13268,related_to,0.5,0,5,2026-02-02 20:55:35.274972
132633,13270,13342,related_to,0.3,0,3,2026-02-02 20:55:35.2752
132634,13270,13228,related_to,0.3,0,3,2026-02-02 20:55:35.275421
132635,13270,13335,related_to,1,0,19,2026-02-02 20:55:35.275638
132636,13270,13222,related_to,0.3,0,3,2026-02-02 20:55:35.275847
132637,13272,13264,related_to,0.3,0,3,2026-02-02 20:55:35.276058
132638,13272,13228,related_to,0.9,0,9,2026-02-02 20:55:35.276283
132639,13272,13335,related_to,1,0,21,2026-02-02 20:55:35.276502
132640,13272,13283,related_to,0.4,0,4,2026-02-02 20:55:35.276733
132641,13272,13261,related_to,0.4,0,4,2026-02-02 20:55:35.276961
132642,13272,13314,related_to,0.3,0,3,2026-02-02 20:55:35.277182
132643,13272,13259,related_to,0.4,0,4,2026-02-02 20:55:35.277413
132644,13272,13280,related_to,0.4,0,4,2026-02-02 20:55:35.277637
132645,13272,13285,related_to,0.4,0,4,2026-02-02 20:55:35.277872
132646,13272,13342,related_to,0.4,0,4,2026-02-02 20:55:35.278091
132647,13272,13270,related_to,0.9,0,9,2026-02-02 20:55:35.278314
132648,13272,13306,related_to,0.3,0,3,2026-02-02 20:55:35.27855
132649,13274,13335,related_to,0.5,0,5,2026-02-02 20:55:35.278792
132650,13275,13268,related_to,0.3,0,3,2026-02-02 20:55:35.279016
132651,13275,13335,related_to,0.5,0,5,2026-02-02 20:55:35.279241
132652,13277,13335,related_to,0.5,0,5,2026-02-02 20:55:35.27947
132653,13277,13260,related_to,0.4,0,4,2026-02-02 20:55:35.279687
132654,13277,13261,related_to,0.7,0,7,2026-02-02 20:55:35.27989
132655,13277,13241,related_to,0.3,0,3,2026-02-02 20:55:35.280092
132656,13279,13260,related_to,0.7,0,7,2026-02-02 20:55:35.2803
132657,13279,13335,related_to,1,0,52,2026-02-02 20:55:35.280494
132658,13279,13280,related_to,0.8,0,8,2026-02-02 20:55:35.280716
132659,13279,13265,related_to,0.4,0,4,2026-02-02 20:55:35.280934
132660,13279,13270,related_to,0.6,0,6,2026-02-02 20:55:35.281333
132661,13279,13337,related_to,0.4,0,4,2026-02-02 20:55:35.281555
132662,13279,13241,related_to,0.3,0,3,2026-02-02 20:55:35.281782
132663,13279,13283,related_to,0.9,0,9,2026-02-02 20:55:35.282016
132664,13279,13228,related_to,0.3,0,3,2026-02-02 20:55:35.282242
132665,13279,13342,related_to,0.7,0,7,2026-02-02 20:55:35.282459
132666,13279,13291,related_to,0.3,0,3,2026-02-02 20:55:35.282681
132667,13279,13314,related_to,0.4,0,4,2026-02-02 20:55:35.2829
132668,13279,13285,related_to,0.3,0,3,2026-02-02 20:55:35.283126
132669,13280,13335,related_to,0.9,0,9,2026-02-02 20:55:35.283355
132670,13280,13260,related_to,0.4,0,4,2026-02-02 20:55:35.283587
132671,13280,13270,related_to,0.4,0,4,2026-02-02 20:55:35.283803
132672,13280,13283,related_to,0.4,0,4,2026-02-02 20:55:35.284006
132673,13280,13285,related_to,0.3,0,3,2026-02-02 20:55:35.284209
132674,13281,13335,related_to,0.6,0,6,2026-02-02 20:55:35.284432
132675,13283,13260,related_to,0.4,0,4,2026-02-02 20:55:35.284634
132676,13283,13335,related_to,0.9,0,9,2026-02-02 20:55:35.284858
132677,13283,13342,related_to,0.5,0,5,2026-02-02 20:55:35.2851
132678,13285,13261,related_to,0.6,0,6,2026-02-02 20:55:35.285344
132679,13285,13342,related_to,0.4,0,4,2026-02-02 20:55:35.285578
132680,13288,13335,related_to,0.7,0,7,2026-02-02 20:55:35.285804
132681,13290,13246,related_to,0.3,0,3,2026-02-02 20:55:35.28603
132682,13290,13335,related_to,0.8,0,8,2026-02-02 20:55:35.286253
132683,13290,13268,related_to,0.3,0,3,2026-02-02 20:55:35.286489
132684,13291,13268,related_to,0.4,0,4,2026-02-02 20:55:35.286716
132685,13292,13335,related_to,0.3,0,3,2026-02-02 20:55:35.286938
132686,13296,13286,related_to,0.3,0,3,2026-02-02 20:55:35.287165
132687,13296,13299,related_to,0.5,0,5,2026-02-02 20:55:35.2874
132688,13296,13300,related_to,0.3,0,3,2026-02-02 20:55:35.287805
132689,13296,13268,related_to,0.3,0,3,2026-02-02 20:55:35.288024
132690,13298,13228,related_to,0.6,0,6,2026-02-02 20:55:35.28823
132691,13301,13335,related_to,0.7,0,7,2026-02-02 20:55:35.288432
132692,13302,13246,related_to,0.3,0,3,2026-02-02 20:55:35.288665
132693,13306,13335,related_to,0.8,0,8,2026-02-02 20:55:35.288896
132694,13306,13228,related_to,0.3,0,3,2026-02-02 20:55:35.289123
132695,13307,13335,related_to,0.6,0,6,2026-02-02 20:55:35.28935
132696,13308,13335,related_to,0.6,0,6,2026-02-02 20:55:35.289569
132697,13308,13279,related_to,0.3,0,3,2026-02-02 20:55:35.289786
132698,13311,13260,related_to,0.3,0,3,2026-02-02 20:55:35.290004
132699,13311,13342,related_to,0.3,0,3,2026-02-02 20:55:35.290225
132700,13311,13335,related_to,0.3,0,3,2026-02-02 20:55:35.290449
132701,13314,13264,related_to,0.3,0,3,2026-02-02 20:55:35.290676
132702,13314,13260,related_to,0.4,0,4,2026-02-02 20:55:35.290901
132703,13314,13261,related_to,0.7,0,7,2026-02-02 20:55:35.291121
132704,13314,13259,related_to,0.3,0,3,2026-02-02 20:55:35.291453
132705,13314,13342,related_to,0.4,0,4,2026-02-02 20:55:35.291696
132706,13315,13279,related_to,0.6,0,6,2026-02-02 20:55:35.291899
132707,13315,13335,related_to,0.6,0,6,2026-02-02 20:55:35.292111
132708,13316,13228,related_to,0.5,0,5,2026-02-02 20:55:35.292324
132709,13317,13335,related_to,0.3,0,3,2026-02-02 20:55:35.292535
132710,13322,13335,related_to,0.3,0,3,2026-02-02 20:55:35.292749
132711,13330,13335,related_to,0.7,0,7,2026-02-02 20:55:35.292974
132712,13330,13339,related_to,0.3,0,3,2026-02-02 20:55:35.293194
132713,13332,13268,related_to,0.4,0,4,2026-02-02 20:55:35.293419
132714,13332,13300,related_to,0.4,0,4,2026-02-02 20:55:35.293812
132715,13333,13260,related_to,0.4,0,4,2026-02-02 20:55:35.294037
132716,13335,13342,related_to,1,0,28,2026-02-02 20:55:35.294266
132717,13335,13286,related_to,1,0,16,2026-02-02 20:55:35.294485
132718,13335,13256,related_to,0.9,0,9,2026-02-02 20:55:35.294706
132719,13335,13344,related_to,0.7,0,7,2026-02-02 20:55:35.294933
132720,13335,13337,related_to,0.7,0,7,2026-02-02 20:55:35.295156
132721,13335,13326,related_to,0.8,0,8,2026-02-02 20:55:35.295379
132722,13335,13260,related_to,1,0,27,2026-02-02 20:55:35.2956
132723,13335,13316,related_to,1,0,10,2026-02-02 20:55:35.295822
132724,13335,13285,related_to,0.8,0,8,2026-02-02 20:55:35.296044
132725,13335,13339,related_to,0.7,0,7,2026-02-02 20:55:35.296272
132726,13335,13259,related_to,0.6,0,6,2026-02-02 20:55:35.29647
132727,13335,13291,related_to,0.8,0,8,2026-02-02 20:55:35.296666
132728,13335,13248,related_to,0.7,0,7,2026-02-02 20:55:35.296865
132729,13335,13300,related_to,0.4,0,4,2026-02-02 20:55:35.297063
132730,13335,13333,related_to,0.6,0,6,2026-02-02 20:55:35.297253
132731,13335,13338,related_to,0.4,0,4,2026-02-02 20:55:35.297451
132732,13335,13294,related_to,0.9,0,9,2026-02-02 20:55:35.297647
132733,13335,13314,related_to,0.6,0,6,2026-02-02 20:55:35.297845
132734,13335,13242,related_to,0.3,0,3,2026-02-02 20:55:35.298041
132735,13335,13250,related_to,0.6,0,6,2026-02-02 20:55:35.298244
132736,13335,13343,related_to,0.3,0,3,2026-02-02 20:55:35.298461
132737,13335,13303,related_to,0.3,0,3,2026-02-02 20:55:35.298721
132738,13335,13296,related_to,0.3,0,3,2026-02-02 20:55:35.298922
132739,13335,13227,related_to,0.3,0,3,2026-02-02 20:55:35.299165
132740,13336,13335,related_to,0.6,0,6,2026-02-02 20:55:35.299554
132741,13337,13286,related_to,0.4,0,4,2026-02-02 20:55:35.299806
132742,13337,13268,related_to,0.3,0,3,2026-02-02 20:55:35.300039
132743,13340,13335,related_to,0.4,0,4,2026-02-02 20:55:35.300251
132744,13340,13228,related_to,0.3,0,3,2026-02-02 20:55:35.300457
132745,13341,13344,related_to,0.6,0,6,2026-02-02 20:55:35.300667
132746,13341,13335,related_to,0.3,0,3,2026-02-02 20:55:35.300874
132747,13342,13260,related_to,1,0,10,2026-02-02 20:55:35.301087
132748,13342,13259,related_to,0.3,0,3,2026-02-02 20:55:35.301327
132749,13342,13280,related_to,0.3,0,3,2026-02-02 20:55:35.30155
132750,13342,13286,related_to,0.4,0,4,2026-02-02 20:55:35.301776
132751,13342,13265,related_to,0.5,0,5,2026-02-02 20:55:35.302011
132752,13343,13279,related_to,0.3,0,3,2026-02-02 20:55:35.302243
132753,13344,13264,related_to,0.3,0,3,2026-02-02 20:55:35.302485
132754,13344,13342,related_to,0.4,0,4,2026-02-02 20:55:35.30271
132755,13344,13279,related_to,0.3,0,3,2026-02-02 20:55:35.302939
